read_start,read_end
2180911,2181011
2180933,2181033
2180935,2181035
2180936,2181036
2180945,2181045
2180946,2181046
2180948,2181048
2180950,2181050
2180956,2181056
2180957,2181057
2180957,2181057
2180957,2181057
2180960,2181058
2180963,2181040
2180969,2181069
2180969,2181069
2180970,2181070
2180970,2181070
2180971,2181070
2180974,2181074
2180981,2181081
2180981,2181081
2180982,2181082
2180987,2181087
2180992,2181092
2180993,2181093
2180994,2181094
2180995,2181095
2181001,2181101
2181001,2181101
2181002,2181102
2181005,2181105
2181006,2181106
2181006,2181106
2181008,2181108
2181008,2181108
2181010,2181110
2181010,2181110
2181012,2181084
2181014,2181111
2181014,2181114
2181018,2181115
2181022,2181122
2181023,2181123
2181026,2181126
2181026,2181126
2181028,2181125
2181030,2181130
2181033,2181133
2181034,2181134
2181037,2181137
2181037,2181137
2181038,2181138
2181039,2181139
2181039,2181134
2181039,2181137
2181040,2181140
2181040,2181140
2181041,2181141
2181041,2181114
2181042,2181142
2181045,2181145
2181047,2181147
2181049,2181149
2181052,2181152
2181054,2181154
2181055,2181155
2181055,2181155
2181055,2181155
2181057,2181157
2181058,2181158
2181060,2181160
2181062,2181162
2181063,2181152
2181064,2181164
2181066,2181166
2181066,2181166
2181067,2181167
2181069,2181169
2181069,2181169
2181069,2181169
2181070,2181170
2181070,2181170
2181076,2181176
2181079,2181179
2181080,2181179
2181080,2181180
2181084,2181184
2181084,2181184
2181087,2181187
2181089,2181189
2181091,2181185
2181093,2181143
2181093,2181193
2181094,2181194
2181094,2181194
2181097,2181197
2181099,2181199
2181103,2181203
2181107,2181207
2181108,2181201
2181111,2181211
2181114,2181214
2181120,2181220
2181126,2181226
2181128,2181228
2181133,2181233
2181134,2181234
2181139,2181239
2181140,2181240
2181143,2181243
2181166,2181266
2181166,2181266
2181170,2181270
2181212,2181290
2181249,2181349
2181346,2181446
2181369,2181403
2181384,2181484
2181416,2181516
2181441,2181476
2181718,2181818
2181808,2181908
2181877,2181977
2181888,2181988
2181893,2181993
2181900,2182000
2181904,2182004
2181904,2182004
2181906,2182006
2181913,2181997
2181917,2182017
2181918,2182018
2181922,2182020
2181923,2182023
2181923,2182017
2181927,2182027
2181930,2182030
2181932,2182032
2181932,2182032
2181936,2182036
2181937,2182037
2181937,2182037
2181943,2182042
2181950,2182048
2181950,2182050
2181961,2182061
2181961,2182061
2181964,2182064
2181966,2182066
2181966,2182066
2181966,2182062
2181974,2182074
2181976,2182076
2181977,2182077
2181978,2182078
2181980,2182080
2181984,2182084
2181986,2182086
2181987,2182087
2181989,2182089
2181989,2182089
2181991,2182062
2181999,2182048
2182000,2182100
2182000,2182100
2182000,2182100
2182000,2182100
2182001,2182101
2182003,2182103
2182003,2182098
2182004,2182104
2182007,2182107
2182007,2182103
2182009,2182109
2182011,2182111
2182011,2182111
2182013,2182113
2182014,2182114
2182015,2182115
2182015,2182115
2182016,2182116
2182016,2182116
2182017,2182117
2182017,2182117
2182019,2182119
2182020,2182120
2182023,2182123
2182023,2182123
2182023,2182123
2182024,2182124
2182024,2182124
2182028,2182128
2182028,2182128
2182030,2182130
2182031,2182131
2182032,2182132
2182035,2182135
2182037,2182137
2182037,2182137
2182041,2182141
2182043,2182143
2182046,2182146
2182047,2182094
2182052,2182152
2182053,2182153
2182056,2182156
2182056,2182153
2182056,2182130
2182057,2182157
2182059,2182159
2182060,2182160
2182062,2182162
2182066,2182166
2182066,2182109
2182067,2182131
2182069,2182169
2182070,2182170
2182070,2182170
2182071,2182171
2182071,2182171
2182073,2182173
2182073,2182173
2182074,2182174
2182074,2182174
2182083,2182183
2182084,2182184
2182084,2182184
2182085,2182185
2182091,2182191
2182091,2182191
2182092,2182142
2182094,2182194
2182095,2182195
2182096,2182186
2182099,2182199
2182102,2182202
2182102,2182202
2182102,2182202
2182103,2182203
2182103,2182203
2182104,2182204
2182104,2182204
2182104,2182204
2182105,2182205
2182106,2182206
2182106,2182206
2182108,2182208
2182108,2182208
2182112,2182164
2182115,2182215
2182115,2182215
2182121,2182221
2182122,2182222
2182123,2182186
2182128,2182228
2182131,2182231
2182134,2182234
2182134,2182232
2182135,2182235
2182135,2182232
2182137,2182237
2182139,2182239
2182139,2182239
2182144,2182244
2182144,2182244
2182144,2182244
2182145,2182245
2182146,2182246
2182147,2182247
2182154,2182229
2182164,2182258
2182164,2182264
2182178,2182278
2182180,2182280
2182193,2182293
2182196,2182296
2182201,2182301
2182213,2182313
2182221,2182321
2182221,2182321
2182224,2182324
2182242,2182342
2182246,2182346
2182275,2182312
2182317,2182417
2182334,2182434
2182349,2182449
2182374,2182473
2182473,2182573
2182516,2182616
